CREATE DATABASE  IF NOT EXISTS `run` /*!40100 DEFAULT CHARACTER SET latin1 */;
USE `run`;
-- MySQL dump 10.13  Distrib 5.6.17, for Win32 (x86)
--
-- Host: 127.0.0.1    Database: run
-- ------------------------------------------------------
-- Server version	5.6.15-log

/*!40101 SET @OLD_CHARACTER_SET_CLIENT=@@CHARACTER_SET_CLIENT */;
/*!40101 SET @OLD_CHARACTER_SET_RESULTS=@@CHARACTER_SET_RESULTS */;
/*!40101 SET @OLD_COLLATION_CONNECTION=@@COLLATION_CONNECTION */;
/*!40101 SET NAMES utf8 */;
/*!40103 SET @OLD_TIME_ZONE=@@TIME_ZONE */;
/*!40103 SET TIME_ZONE='+00:00' */;
/*!40014 SET @OLD_UNIQUE_CHECKS=@@UNIQUE_CHECKS, UNIQUE_CHECKS=0 */;
/*!40014 SET @OLD_FOREIGN_KEY_CHECKS=@@FOREIGN_KEY_CHECKS, FOREIGN_KEY_CHECKS=0 */;
/*!40101 SET @OLD_SQL_MODE=@@SQL_MODE, SQL_MODE='NO_AUTO_VALUE_ON_ZERO' */;
/*!40111 SET @OLD_SQL_NOTES=@@SQL_NOTES, SQL_NOTES=0 */;

--
-- Table structure for table `run_form1_cadastros`
--

DROP TABLE IF EXISTS `run_form1_cadastros`;
/*!40101 SET @saved_cs_client     = @@character_set_client */;
/*!40101 SET character_set_client = utf8 */;
CREATE TABLE `run_form1_cadastros` (
  `pk_cadastro` int(11) NOT NULL AUTO_INCREMENT,
  `nome` varchar(45) DEFAULT NULL,
  `sobrenome` varchar(45) DEFAULT NULL,
  `email` varchar(45) DEFAULT NULL,
  `senha` varchar(18) DEFAULT NULL,
  `observacoes` text,
  `date_insert` datetime DEFAULT NULL,
  `date_update` datetime DEFAULT NULL,
  `status` int(11) DEFAULT NULL,
  PRIMARY KEY (`pk_cadastro`)
) ENGINE=InnoDB AUTO_INCREMENT=102 DEFAULT CHARSET=latin1;
/*!40101 SET character_set_client = @saved_cs_client */;

--
-- Dumping data for table `run_form1_cadastros`
--

LOCK TABLES `run_form1_cadastros` WRITE;
/*!40000 ALTER TABLE `run_form1_cadastros` DISABLE KEYS */;
INSERT INTO `run_form1_cadastros` VALUES (1,'','','','','','0000-00-00 00:00:00','0000-00-00 00:00:00',0),(2,'','','','','','0000-00-00 00:00:00','0000-00-00 00:00:00',0),(3,'','','','','','0000-00-00 00:00:00','0000-00-00 00:00:00',0),(4,'','','','','','0000-00-00 00:00:00','0000-00-00 00:00:00',0),(5,'','','','','','0000-00-00 00:00:00','0000-00-00 00:00:00',0),(6,'0','testando','rafael.teixeira@sccon.com.br','cf3fbca1e8f2cdd2bc','\"observações\"','2015-03-05 21:45:19','2015-03-05 21:45:19',0),(7,'0','testando','rafael.teixeira@sccon.com.br','cf3fbca1e8f2cdd2bc','\"observações\"','2015-03-05 21:45:38','2015-03-05 21:45:38',0),(8,'0','testando','rafael.teixeira@sccon.com.br','cf3fbca1e8f2cdd2bc','\"observações\"','2015-03-05 21:45:47','2015-03-05 21:45:47',0),(9,'0','testando','rafael.teixeira@sccon.com.br','cf3fbca1e8f2cdd2bc','\"observações\"','2015-03-05 21:46:30','2015-03-05 21:46:30',0),(10,'0','testando','rafael.teixeira@sccon.com.br','cf3fbca1e8f2cdd2bc','\"observações\"','2015-03-05 21:46:38','2015-03-05 21:46:38',0),(11,'0','testando','rafael.teixeira@sccon.com.br','cf3fbca1e8f2cdd2bc','\"observações\"','2015-03-05 21:47:56','2015-03-05 21:47:56',0),(12,'0','testando','rafael.teixeira@sccon.com.br','cf3fbca1e8f2cdd2bc','\"observações\"','2015-03-05 21:48:03','2015-03-05 21:48:03',0),(13,'0','testando',NULL,'cf3fbca1e8f2cdd2bc','\"observações\"','2015-03-05 21:52:46','2015-03-05 21:52:46',0),(14,'0','testando',NULL,'cf3fbca1e8f2cdd2bc',NULL,'2015-03-05 21:53:10','2015-03-05 21:53:10',0),(15,NULL,'testando',NULL,NULL,NULL,NULL,NULL,0),(16,'0','testando',NULL,'cf3fbca1e8f2cdd2bc',NULL,'2015-03-05 21:57:32','2015-03-05 21:57:32',0),(17,'0','testando',NULL,'cf3fbca1e8f2cdd2bc',NULL,'2015-03-05 21:57:36','2015-03-05 21:57:36',0),(18,'0','testando',NULL,'cf3fbca1e8f2cdd2bc',NULL,'2015-03-05 21:58:08','2015-03-05 21:58:08',0),(19,'0','testando',NULL,'cf3fbca1e8f2cdd2bc',NULL,'2015-03-05 21:58:27','2015-03-05 21:58:27',0),(20,'0','testando',NULL,'202cb962ac59075b96',NULL,'2015-03-05 22:01:44','2015-03-05 22:01:44',0),(21,'0','testando',NULL,'202cb962ac59075b96',NULL,'2015-03-05 22:02:27','2015-03-05 22:02:27',0),(22,'teste 2','testando',NULL,'202cb962ac59075b96',NULL,'2015-03-05 22:03:37','2015-03-05 22:03:37',0),(23,'teste 2','testando',NULL,'202cb962ac59075b96',NULL,'2015-03-05 22:03:44','2015-03-05 22:03:44',0),(24,'teste 2','testando',NULL,'202cb962ac59075b96',NULL,'2015-03-05 22:04:47','2015-03-05 22:04:47',0),(25,'teste 2','testando',NULL,'202cb962ac59075b96',NULL,'2015-03-05 22:06:03','2015-03-05 22:06:03',0),(26,'teste 2','testando',NULL,'202cb962ac59075b96',NULL,'2015-03-05 22:19:41','2015-03-05 22:19:41',0),(27,'teste 2','testando',NULL,'202cb962ac59075b96',NULL,'2015-03-05 22:30:18','2015-03-05 22:30:18',0),(28,'teste 2','testando',NULL,'202cb962ac59075b96',NULL,'2015-03-05 22:31:01','2015-03-05 22:31:01',0),(29,'teste 2','testando',NULL,'202cb962ac59075b96',NULL,'2015-03-05 22:31:59','2015-03-05 22:31:59',0),(30,'teste 2','testando',NULL,'202cb962ac59075b96',NULL,'2015-03-05 22:32:44','2015-03-05 22:32:44',0),(31,'teste 2','testando',NULL,'202cb962ac59075b96',NULL,'2015-03-05 22:33:07','2015-03-05 22:33:07',0),(32,'meu nome','sobre',NULL,'202cb962ac59075b96',NULL,'2015-03-05 22:35:17','2015-03-05 22:35:17',0),(33,'meu nome','sobre',NULL,'202cb962ac59075b96',NULL,'2015-03-05 22:41:07','2015-03-05 22:41:07',0),(34,'meu nome','sobre',NULL,'202cb962ac59075b96',NULL,'2015-03-05 22:42:38','2015-03-05 22:42:38',0),(35,'meu nome','sobre',NULL,'202cb962ac59075b96',NULL,'2015-03-05 22:43:51','2015-03-05 22:43:51',0),(36,'meu nome','sobre',NULL,'202cb962ac59075b96',NULL,'2015-03-05 22:45:28','2015-03-05 22:45:28',0),(37,'meu nome','sobre',NULL,'202cb962ac59075b96',NULL,'2015-03-05 22:46:02','2015-03-05 22:46:02',0),(38,'meu nome','sobre',NULL,'202cb962ac59075b96',NULL,'2015-03-05 22:46:27','2015-03-05 22:46:27',0),(39,'meu nome','sobre',NULL,'202cb962ac59075b96',NULL,'2015-03-05 22:47:26','2015-03-05 22:47:26',0),(40,'meu nome','sobre',NULL,'202cb962ac59075b96',NULL,'2015-03-05 22:47:46','2015-03-05 22:47:46',0),(41,'meu nome','sobre',NULL,'202cb962ac59075b96',NULL,'2015-03-05 22:48:26','2015-03-05 22:48:26',0),(42,'meu nome','sobre',NULL,'202cb962ac59075b96',NULL,'2015-03-05 22:50:38','2015-03-05 22:50:38',0),(43,'meu nome','sobre',NULL,'202cb962ac59075b96',NULL,'2015-03-05 22:50:40','2015-03-05 22:50:40',0),(44,'meu nome','sobre',NULL,'202cb962ac59075b96',NULL,'2015-03-05 22:51:04','2015-03-05 22:51:04',0),(45,'meu nome','sobre',NULL,'202cb962ac59075b96',NULL,'2015-03-05 22:51:09','2015-03-05 22:51:09',0),(46,'meu nome','sobre',NULL,'202cb962ac59075b96',NULL,'2015-03-05 22:51:22','2015-03-05 22:51:22',0),(47,'meu nome','sobre',NULL,'202cb962ac59075b96',NULL,'2015-03-05 22:52:04','2015-03-05 22:52:04',0),(48,'meu nome','sobre',NULL,'202cb962ac59075b96',NULL,'2015-03-05 22:54:12','2015-03-05 22:54:12',0),(49,'meu nome','meu segundo nome',NULL,'202cb962ac59075b96',NULL,'2015-03-05 22:55:21','2015-03-05 22:55:21',0),(50,'meu nome','meu segundo nome',NULL,'202cb962ac59075b96',NULL,'2015-03-05 22:55:59','2015-03-05 22:55:59',0),(51,'meu nome','meu segundo nome',NULL,'202cb962ac59075b96',NULL,'2015-03-05 22:56:36','2015-03-05 22:56:36',0),(52,'meu nome','meu segundo nome',NULL,'202cb962ac59075b96',NULL,'2015-03-05 22:57:25','2015-03-05 22:57:25',0),(53,'meu nome','meu segundo nome',NULL,'202cb962ac59075b96',NULL,'2015-03-05 22:57:26','2015-03-05 22:57:26',0),(54,'meu nome','meu segundo nome',NULL,'202cb962ac59075b96',NULL,'2015-03-05 22:57:27','2015-03-05 22:57:27',0),(55,'meu nome','meu segundo nome',NULL,'202cb962ac59075b96',NULL,'2015-03-05 22:57:39','2015-03-05 22:57:39',0),(56,'meu nome','meu segundo nome',NULL,'202cb962ac59075b96',NULL,'2015-03-05 22:58:06','2015-03-05 22:58:06',0),(57,'meu nome','meu segundo nome',NULL,'202cb962ac59075b96',NULL,'2015-03-05 22:58:07','2015-03-05 22:58:07',0),(58,'meu nome','meu segundo nome',NULL,'202cb962ac59075b96',NULL,'2015-03-05 22:58:07','2015-03-05 22:58:07',0),(59,'meu nome','meu segundo nome',NULL,'202cb962ac59075b96',NULL,'2015-03-05 22:58:08','2015-03-05 22:58:08',0),(60,'meu nome','meu segundo nome',NULL,'202cb962ac59075b96',NULL,'2015-03-05 22:58:08','2015-03-05 22:58:08',0),(61,'meu nome','meu segundo nome',NULL,'202cb962ac59075b96',NULL,'2015-03-05 22:58:08','2015-03-05 22:58:08',0),(62,'meu nome','meu segundo nome',NULL,'202cb962ac59075b96',NULL,'2015-03-05 22:58:08','2015-03-05 22:58:08',0),(63,'meu nome','meu segundo nome',NULL,'202cb962ac59075b96',NULL,'2015-03-05 22:58:13','2015-03-05 22:58:13',0),(64,'meu nome','meu segundo nome',NULL,'202cb962ac59075b96',NULL,'2015-03-05 22:59:14','2015-03-05 22:59:14',0),(65,'Rafael','Teixeira',NULL,'202cb962ac59075b96',NULL,'2015-03-05 23:00:09','2015-03-05 23:00:09',0),(66,'Rafael','Teixeira',NULL,'202cb962ac59075b96',NULL,'2015-03-05 23:02:58','2015-03-05 23:02:58',0),(67,'Rafael','Teixeira',NULL,'202cb962ac59075b96',NULL,'2015-03-05 23:03:11','2015-03-05 23:03:11',0),(68,'Rafael','Teixeira',NULL,'202cb962ac59075b96',NULL,'2015-03-05 23:03:16','2015-03-05 23:03:16',0),(69,'Rafael','Teixeira',NULL,'202cb962ac59075b96',NULL,'2015-03-05 23:03:33','2015-03-05 23:03:33',0),(70,'Rafael','Teixeira',NULL,'202cb962ac59075b96',NULL,'2015-03-05 23:04:01','2015-03-05 23:04:01',0),(71,'Rafael','Teixeira',NULL,'202cb962ac59075b96',NULL,'2015-03-05 23:04:06','2015-03-05 23:04:06',0),(72,'Rafael','Teixeira',NULL,'202cb962ac59075b96',NULL,'2015-03-05 23:04:28','2015-03-05 23:04:28',0),(73,'Rafael','Teixeira',NULL,'202cb962ac59075b96',NULL,'2015-03-05 23:07:43','2015-03-05 23:07:43',0),(74,'Rafael','Teixeira',NULL,'202cb962ac59075b96',NULL,'2015-03-05 23:08:43','2015-03-05 23:08:43',0),(75,'Rafael','Teixeira',NULL,'202cb962ac59075b96',NULL,'2015-03-05 23:09:42','2015-03-05 23:09:42',0),(76,'Rafael','Teixeira',NULL,'202cb962ac59075b96',NULL,'2015-03-05 23:10:24','2015-03-05 23:10:24',0),(77,'Rafael','Teixeira',NULL,'202cb962ac59075b96',NULL,'2015-03-05 23:11:17','2015-03-05 23:11:17',0),(78,'Rafael','Teixeira',NULL,'202cb962ac59075b96',NULL,'2015-03-05 23:11:27','2015-03-05 23:11:27',0),(79,'Rafael','Teixeira',NULL,'202cb962ac59075b96',NULL,'2015-03-05 23:12:01','2015-03-05 23:12:01',0),(80,'Rafael','Teixeira',NULL,'202cb962ac59075b96',NULL,'2015-03-05 23:12:04','2015-03-05 23:12:04',0),(81,'Rafael','Teixeira',NULL,'202cb962ac59075b96',NULL,'2015-03-05 23:14:15','2015-03-05 23:14:15',0),(82,'Rafael','Teixeira',NULL,'202cb962ac59075b96',NULL,'2015-03-05 23:15:37','2015-03-05 23:15:37',0),(83,'Rafael','Teixeira',NULL,'202cb962ac59075b96',NULL,'2015-03-05 23:26:05','2015-03-05 23:26:05',0),(84,'Rafael','Teixeira',NULL,'202cb962ac59075b96',NULL,'2015-03-05 23:27:25','2015-03-05 23:27:25',0),(85,'Rafael','Teixeira',NULL,'202cb962ac59075b96',NULL,'2015-03-05 23:28:21','2015-03-05 23:28:21',0),(86,'Rafael','Teixeira',NULL,'202cb962ac59075b96',NULL,'2015-03-05 23:29:05','2015-03-05 23:29:05',0),(87,'Rafael','Teixeira',NULL,'202cb962ac59075b96',NULL,'2015-03-05 23:29:20','2015-03-05 23:29:20',0),(88,'Rafael','Teixeira',NULL,'202cb962ac59075b96',NULL,'2015-03-05 23:30:10','2015-03-05 23:30:10',0),(89,'Rafael','Teixeira',NULL,'202cb962ac59075b96',NULL,'2015-03-05 23:30:49','2015-03-05 23:30:49',0),(91,'Rafael','Teixeira',NULL,'202cb962ac59075b96',NULL,'2015-03-05 23:31:25','2015-03-05 23:31:25',0),(92,'Rafael','Teixeira',NULL,'202cb962ac59075b96',NULL,'2015-03-05 23:34:28','2015-03-05 23:34:28',0),(93,'Rafael','Teixeira',NULL,'202cb962ac59075b96',NULL,'2015-03-06 11:19:51','2015-03-06 11:19:51',0),(94,'Rafael','Teixeira',NULL,'202cb962ac59075b96',NULL,'2015-03-06 11:37:19','2015-03-06 11:37:19',0),(95,'Rafael','Teixeira',NULL,'202cb962ac59075b96',NULL,'2015-03-06 13:07:53','2015-03-06 13:07:53',0),(96,'Rafael','Teixeira',NULL,'202cb962ac59075b96',NULL,'2015-03-06 13:08:35','2015-03-06 13:08:35',0),(97,'Rafael','TEIXEIRA',NULL,'202cb962ac59075b96',NULL,'2015-03-06 13:09:20','2015-03-06 13:09:20',0),(98,'Rafael','ups3',NULL,'202cb962ac59075b96',NULL,'2015-03-06 13:09:21','2015-03-06 13:09:21',0),(99,'Rafael','ups',NULL,'202cb962ac59075b96',NULL,'2015-03-06 13:09:22','2015-03-06 13:09:22',0),(100,NULL,'sobrenome',NULL,NULL,NULL,NULL,NULL,0),(101,'Rafael','Teixeira',NULL,'202cb962ac59075b96',NULL,'2015-03-06 16:10:23','2015-03-06 16:10:23',0);
/*!40000 ALTER TABLE `run_form1_cadastros` ENABLE KEYS */;
UNLOCK TABLES;

--
-- Table structure for table `run_form1_cores`
--

DROP TABLE IF EXISTS `run_form1_cores`;
/*!40101 SET @saved_cs_client     = @@character_set_client */;
/*!40101 SET character_set_client = utf8 */;
CREATE TABLE `run_form1_cores` (
  `pk_cor` int(11) NOT NULL AUTO_INCREMENT,
  `fk_cadastro` int(11) DEFAULT NULL,
  `nome` varchar(45) DEFAULT NULL,
  `date_insert` datetime DEFAULT NULL,
  `date_update` datetime DEFAULT NULL,
  `status` int(11) DEFAULT NULL,
  PRIMARY KEY (`pk_cor`),
  KEY `fk_cadastro` (`fk_cadastro`),
  CONSTRAINT `fk_cadastro_cores` FOREIGN KEY (`fk_cadastro`) REFERENCES `run_form1_cadastros` (`pk_cadastro`) ON DELETE CASCADE ON UPDATE CASCADE
) ENGINE=InnoDB AUTO_INCREMENT=113 DEFAULT CHARSET=latin1;
/*!40101 SET character_set_client = @saved_cs_client */;

--
-- Dumping data for table `run_form1_cores`
--

LOCK TABLES `run_form1_cores` WRITE;
/*!40000 ALTER TABLE `run_form1_cores` DISABLE KEYS */;
INSERT INTO `run_form1_cores` VALUES (1,NULL,'Array','0000-00-00 00:00:00','0000-00-00 00:00:00',NULL),(2,NULL,'Array','0000-00-00 00:00:00','0000-00-00 00:00:00',NULL),(3,NULL,'','2015-03-05 22:33:07','2015-03-05 22:33:07',NULL),(4,NULL,'','2015-03-05 22:35:17','2015-03-05 22:35:17',NULL),(5,7,'','2015-03-05 22:43:51','2015-03-05 22:43:51',NULL),(6,8,'','2015-03-05 22:45:28','2015-03-05 22:45:28',NULL),(7,9,'','2015-03-05 22:46:02','2015-03-05 22:46:02',NULL),(8,10,'','2015-03-05 22:46:27','2015-03-05 22:46:27',NULL),(9,11,'','2015-03-05 22:47:26','2015-03-05 22:47:26',NULL),(10,12,'','2015-03-05 22:47:46','2015-03-05 22:47:46',NULL),(11,13,'','2015-03-05 22:48:26','2015-03-05 22:48:26',NULL),(12,14,'','2015-03-05 22:50:38','2015-03-05 22:50:38',NULL),(13,15,'','2015-03-05 22:50:40','2015-03-05 22:50:40',NULL),(14,16,'','2015-03-05 22:51:04','2015-03-05 22:51:04',NULL),(15,17,'','2015-03-05 22:51:09','2015-03-05 22:51:09',NULL),(16,18,'','2015-03-05 22:51:22','2015-03-05 22:51:22',NULL),(17,19,'','2015-03-05 22:52:04','2015-03-05 22:52:04',NULL),(18,20,'','2015-03-05 22:54:12','2015-03-05 22:54:12',NULL),(19,21,'','2015-03-05 22:55:21','2015-03-05 22:55:21',NULL),(20,22,'','2015-03-05 22:55:59','2015-03-05 22:55:59',NULL),(21,23,'','2015-03-05 22:56:36','2015-03-05 22:56:36',NULL),(22,24,'','2015-03-05 22:57:25','2015-03-05 22:57:25',NULL),(23,25,'','2015-03-05 22:57:26','2015-03-05 22:57:26',NULL),(24,26,'','2015-03-05 22:57:27','2015-03-05 22:57:27',NULL),(25,27,'Azul','2015-03-05 22:57:39','2015-03-05 22:57:39',NULL),(26,28,'Azul','2015-03-05 22:58:06','2015-03-05 22:58:06',NULL),(27,29,'Azul','2015-03-05 22:58:07','2015-03-05 22:58:07',NULL),(28,30,'Azul','2015-03-05 22:58:07','2015-03-05 22:58:07',NULL),(29,31,'Azul','2015-03-05 22:58:08','2015-03-05 22:58:08',NULL),(30,32,'Azul','2015-03-05 22:58:08','2015-03-05 22:58:08',NULL),(31,33,'Azul','2015-03-05 22:58:08','2015-03-05 22:58:08',NULL),(32,34,'Azul','2015-03-05 22:58:08','2015-03-05 22:58:08',NULL),(33,35,'','2015-03-05 22:58:13','2015-03-05 22:58:13',NULL),(34,36,'Azul','2015-03-05 22:59:14','2015-03-05 22:59:14',NULL),(35,37,'Azul','2015-03-05 23:00:09','2015-03-05 23:00:09',NULL),(36,38,'Azul','2015-03-05 23:02:58','2015-03-05 23:02:58',NULL),(37,39,'Azul','2015-03-05 23:03:11','2015-03-05 23:03:11',NULL),(38,40,'Azul','2015-03-05 23:03:16','2015-03-05 23:03:16',NULL),(39,41,'Azul','2015-03-05 23:03:33','2015-03-05 23:03:33',NULL),(40,42,'Azul','2015-03-05 23:04:01','2015-03-05 23:04:01',NULL),(41,43,'Azul','2015-03-05 23:04:06','2015-03-05 23:04:06',NULL),(42,44,'Azul','2015-03-05 23:04:28','2015-03-05 23:04:28',NULL),(43,81,'Azul','2015-03-05 23:14:15','2015-03-05 23:14:15',NULL),(44,82,'Azul','2015-03-05 23:15:37','2015-03-05 23:15:37',NULL),(49,91,'Azul','2015-03-05 23:31:25','2015-03-05 23:31:25',NULL),(50,91,'vermelho','0000-00-00 00:00:00','0000-00-00 00:00:00',NULL),(51,91,'Laranja','0000-00-00 00:00:00','0000-00-00 00:00:00',NULL),(52,91,'Ciano','0000-00-00 00:00:00','0000-00-00 00:00:00',NULL),(53,92,'Azul','2015-03-05 23:34:28','2015-03-05 23:34:28',NULL),(54,92,'vermelho','0000-00-00 00:00:00','0000-00-00 00:00:00',NULL),(55,92,'Laranja','0000-00-00 00:00:00','0000-00-00 00:00:00',NULL),(56,92,'Ciano','0000-00-00 00:00:00','0000-00-00 00:00:00',NULL),(57,93,'Azul','2015-03-06 11:19:51','2015-03-06 11:19:51',NULL),(58,93,'vermelho','0000-00-00 00:00:00','0000-00-00 00:00:00',NULL),(59,93,'Laranja','0000-00-00 00:00:00','0000-00-00 00:00:00',NULL),(60,93,'Ciano','0000-00-00 00:00:00','0000-00-00 00:00:00',NULL),(61,94,'Azul','2015-03-06 11:37:19','2015-03-06 11:37:19',NULL),(62,94,'vermelho','0000-00-00 00:00:00','0000-00-00 00:00:00',NULL),(63,94,'Laranja','0000-00-00 00:00:00','0000-00-00 00:00:00',NULL),(64,94,'Ciano','0000-00-00 00:00:00','0000-00-00 00:00:00',NULL),(65,95,'Azul','2015-03-06 13:07:53','2015-03-06 13:07:53',NULL),(66,95,'vermelho','0000-00-00 00:00:00','0000-00-00 00:00:00',NULL),(67,95,'Laranja','0000-00-00 00:00:00','0000-00-00 00:00:00',NULL),(68,95,'Ciano','0000-00-00 00:00:00','0000-00-00 00:00:00',NULL),(69,96,'Azul','2015-03-06 13:08:35','2015-03-06 13:08:35',NULL),(70,96,'vermelho','0000-00-00 00:00:00','0000-00-00 00:00:00',NULL),(71,96,'Laranja','0000-00-00 00:00:00','0000-00-00 00:00:00',NULL),(72,96,'Ciano','0000-00-00 00:00:00','0000-00-00 00:00:00',NULL),(73,97,'Azul','2015-03-06 13:09:20','2015-03-06 16:24:11',NULL),(74,97,'vermelho','0000-00-00 00:00:00','0000-00-00 00:00:00',NULL),(77,98,'vermelho','2015-03-06 13:09:21','2015-03-06 18:43:16',NULL),(81,99,'Azul','2015-03-06 13:09:22','2015-03-06 13:09:22',NULL),(82,99,'vermelho','0000-00-00 00:00:00','0000-00-00 00:00:00',NULL),(83,99,'Laranja','0000-00-00 00:00:00','0000-00-00 00:00:00',NULL),(84,99,'Ciano','0000-00-00 00:00:00','0000-00-00 00:00:00',NULL),(90,100,'Verde','2015-03-06 13:17:42','2015-03-06 13:17:42',NULL),(91,100,'Verde','2015-03-06 13:32:11','2015-03-06 13:32:11',NULL),(92,99,'Laranja','2015-03-06 13:33:57','2015-03-06 13:33:57',NULL),(93,99,'Ciano','0000-00-00 00:00:00','0000-00-00 00:00:00',NULL),(94,98,'','0000-00-00 00:00:00','0000-00-00 00:00:00',NULL),(95,98,'','0000-00-00 00:00:00','0000-00-00 00:00:00',NULL),(96,98,'','0000-00-00 00:00:00','0000-00-00 00:00:00',NULL),(97,98,'','0000-00-00 00:00:00','0000-00-00 00:00:00',NULL),(98,98,'','0000-00-00 00:00:00','0000-00-00 00:00:00',NULL),(99,98,'','0000-00-00 00:00:00','0000-00-00 00:00:00',NULL),(100,98,'','0000-00-00 00:00:00','0000-00-00 00:00:00',NULL),(101,98,'','0000-00-00 00:00:00','0000-00-00 00:00:00',NULL),(102,98,'','0000-00-00 00:00:00','0000-00-00 00:00:00',NULL),(103,98,'','0000-00-00 00:00:00','0000-00-00 00:00:00',NULL),(104,98,'','0000-00-00 00:00:00','0000-00-00 00:00:00',NULL),(105,98,'','0000-00-00 00:00:00','0000-00-00 00:00:00',NULL),(106,101,'Azul','2015-03-06 16:10:23','2015-03-06 16:10:23',NULL),(107,101,'vermelho','0000-00-00 00:00:00','0000-00-00 00:00:00',NULL),(108,101,'Laranja','0000-00-00 00:00:00','0000-00-00 00:00:00',NULL),(109,101,'Ciano','0000-00-00 00:00:00','0000-00-00 00:00:00',NULL),(110,97,'vermelho','0000-00-00 00:00:00','0000-00-00 00:00:00',NULL),(111,97,'vermelho','0000-00-00 00:00:00','0000-00-00 00:00:00',NULL),(112,97,'vermelho','0000-00-00 00:00:00','0000-00-00 00:00:00',NULL);
/*!40000 ALTER TABLE `run_form1_cores` ENABLE KEYS */;
UNLOCK TABLES;

--
-- Table structure for table `run_form1_enderecos`
--

DROP TABLE IF EXISTS `run_form1_enderecos`;
/*!40101 SET @saved_cs_client     = @@character_set_client */;
/*!40101 SET character_set_client = utf8 */;
CREATE TABLE `run_form1_enderecos` (
  `pk_endereco` int(11) NOT NULL AUTO_INCREMENT,
  `fk_cadastro` int(11) DEFAULT NULL,
  `fk_uf` int(11) DEFAULT NULL,
  `rua` varchar(100) DEFAULT NULL,
  `date_insert` datetime DEFAULT NULL,
  `date_update` datetime DEFAULT NULL,
  `status` int(11) DEFAULT NULL,
  PRIMARY KEY (`pk_endereco`),
  KEY `fk_cadastro` (`fk_cadastro`),
  CONSTRAINT `fk_cadastro_enderecos` FOREIGN KEY (`fk_cadastro`) REFERENCES `run_form1_cadastros` (`pk_cadastro`) ON DELETE CASCADE ON UPDATE CASCADE
) ENGINE=InnoDB AUTO_INCREMENT=68 DEFAULT CHARSET=latin1;
/*!40101 SET character_set_client = @saved_cs_client */;

--
-- Dumping data for table `run_form1_enderecos`
--

LOCK TABLES `run_form1_enderecos` WRITE;
/*!40000 ALTER TABLE `run_form1_enderecos` DISABLE KEYS */;
INSERT INTO `run_form1_enderecos` VALUES (1,NULL,0,'','0000-00-00 00:00:00','0000-00-00 00:00:00',0),(2,NULL,0,'','0000-00-00 00:00:00','0000-00-00 00:00:00',0),(3,NULL,0,'','2015-03-05 22:33:07','2015-03-05 22:33:07',0),(4,NULL,0,'','2015-03-05 22:35:17','2015-03-05 22:35:17',0),(7,35,0,'','2015-03-05 22:43:51','2015-03-05 22:43:51',0),(8,36,0,'','2015-03-05 22:45:28','2015-03-05 22:45:28',0),(9,37,0,'','2015-03-05 22:46:02','2015-03-05 22:46:02',0),(10,38,0,'','2015-03-05 22:46:27','2015-03-05 22:46:27',0),(11,39,0,'','2015-03-05 22:47:26','2015-03-05 22:47:26',0),(12,40,0,'','2015-03-05 22:47:46','2015-03-05 22:47:46',0),(13,41,0,'','2015-03-05 22:48:26','2015-03-05 22:48:26',0),(14,42,0,'','2015-03-05 22:50:38','2015-03-05 22:50:38',0),(15,43,0,'','2015-03-05 22:50:40','2015-03-05 22:50:40',0),(16,44,0,'','2015-03-05 22:51:04','2015-03-05 22:51:04',0),(17,45,0,'','2015-03-05 22:51:09','2015-03-05 22:51:09',0),(18,46,0,'','2015-03-05 22:51:22','2015-03-05 22:51:22',0),(19,47,0,'','2015-03-05 22:52:04','2015-03-05 22:52:04',0),(20,48,0,'','2015-03-05 22:54:12','2015-03-05 22:54:12',0),(21,49,0,'','2015-03-05 22:55:21','2015-03-05 22:55:21',0),(22,50,0,'','2015-03-05 22:55:59','2015-03-05 22:55:59',0),(23,51,0,'','2015-03-05 22:56:36','2015-03-05 22:56:36',0),(24,52,0,'','2015-03-05 22:57:25','2015-03-05 22:57:25',0),(25,53,0,'','2015-03-05 22:57:26','2015-03-05 22:57:26',0),(26,54,0,'','2015-03-05 22:57:27','2015-03-05 22:57:27',0),(27,55,2,'meu endereço','2015-03-05 22:57:39','2015-03-05 22:57:39',0),(28,56,2,'meu endereço','2015-03-05 22:58:06','2015-03-05 22:58:06',0),(29,57,2,'meu endereço','2015-03-05 22:58:07','2015-03-05 22:58:07',0),(30,58,2,'meu endereço','2015-03-05 22:58:07','2015-03-05 22:58:07',0),(31,59,2,'meu endereço','2015-03-05 22:58:08','2015-03-05 22:58:08',0),(32,60,2,'meu endereço','2015-03-05 22:58:08','2015-03-05 22:58:08',0),(33,61,2,'meu endereço','2015-03-05 22:58:08','2015-03-05 22:58:08',0),(34,62,2,'meu endereço','2015-03-05 22:58:08','2015-03-05 22:58:08',0),(35,63,0,'','2015-03-05 22:58:13','2015-03-05 22:58:13',0),(36,64,2,'meu endereço','2015-03-05 22:59:14','2015-03-05 22:59:14',0),(37,65,2,'meu endereço','2015-03-05 23:00:09','2015-03-05 23:00:09',0),(38,66,2,'meu endereço','2015-03-05 23:02:58','2015-03-05 23:02:58',0),(39,67,2,'meu endereço','2015-03-05 23:03:11','2015-03-05 23:03:11',0),(40,68,2,'meu endereço','2015-03-05 23:03:16','2015-03-05 23:03:16',0),(41,69,2,'meu endereço','2015-03-05 23:03:33','2015-03-05 23:03:33',0),(42,70,2,'meu endereço','2015-03-05 23:04:01','2015-03-05 23:04:01',0),(43,71,2,'meu endereço','2015-03-05 23:04:06','2015-03-05 23:04:06',0),(44,72,2,'meu endereço','2015-03-05 23:04:28','2015-03-05 23:04:28',0),(47,75,2,'meu endereço','2015-03-05 23:09:42','2015-03-05 23:09:42',0),(48,76,2,'meu endereço','2015-03-05 23:10:24','2015-03-05 23:10:24',0),(49,81,2,'meu endereço','2015-03-05 23:14:15','2015-03-05 23:14:15',0),(50,82,2,'meu endereço','2015-03-05 23:15:37','2015-03-05 23:15:37',0),(52,91,2,'meu endereço','2015-03-05 23:31:25','2015-03-05 23:31:25',0),(53,92,2,'meu endereço','2015-03-05 23:34:28','2015-03-05 23:34:28',0),(54,93,2,'meu endereço','2015-03-06 11:19:51','2015-03-06 11:19:51',0),(55,94,2,'meu endereço','2015-03-06 11:37:19','2015-03-06 11:37:19',0),(56,95,2,'meu endereço','2015-03-06 13:07:53','2015-03-06 13:07:53',0),(57,96,2,'meu endereço','2015-03-06 13:08:35','2015-03-06 13:08:35',0),(58,97,2,'RUA SERGIO MARTINS BLUMER BASTOS','2015-03-06 13:09:20','2015-03-06 16:24:11',0),(59,98,2,'testando update33','2015-03-06 13:09:21','2015-03-06 18:43:16',0),(60,99,2,'meu endereço','2015-03-06 13:09:22','2015-03-06 13:09:22',0),(63,100,1,'atualizando','2015-03-06 13:17:42','2015-03-06 13:17:42',0),(65,100,1,'atualizando','2015-03-06 13:32:11','2015-03-06 13:32:11',0),(66,99,1,'testando update','2015-03-06 13:33:57','2015-03-06 13:33:57',0),(67,101,2,'meu endereço','2015-03-06 16:10:23','2015-03-06 16:10:23',0);
/*!40000 ALTER TABLE `run_form1_enderecos` ENABLE KEYS */;
UNLOCK TABLES;

--
-- Table structure for table `run_form1_enderecos_tipos`
--

DROP TABLE IF EXISTS `run_form1_enderecos_tipos`;
/*!40101 SET @saved_cs_client     = @@character_set_client */;
/*!40101 SET character_set_client = utf8 */;
CREATE TABLE `run_form1_enderecos_tipos` (
  `pk_endereco_tipo` int(11) NOT NULL AUTO_INCREMENT,
  `fk_endereco` int(11) DEFAULT NULL,
  `tipo` varchar(45) DEFAULT NULL,
  `date_insert` datetime DEFAULT NULL,
  `date_update` datetime DEFAULT NULL,
  `status` int(11) DEFAULT NULL,
  PRIMARY KEY (`pk_endereco_tipo`),
  KEY `fk_endereco` (`fk_endereco`),
  CONSTRAINT `fk_endereco_tipo` FOREIGN KEY (`fk_endereco`) REFERENCES `run_form1_enderecos` (`pk_endereco`) ON DELETE CASCADE ON UPDATE CASCADE
) ENGINE=InnoDB AUTO_INCREMENT=78 DEFAULT CHARSET=latin1;
/*!40101 SET character_set_client = @saved_cs_client */;

--
-- Dumping data for table `run_form1_enderecos_tipos`
--

LOCK TABLES `run_form1_enderecos_tipos` WRITE;
/*!40000 ALTER TABLE `run_form1_enderecos_tipos` DISABLE KEYS */;
INSERT INTO `run_form1_enderecos_tipos` VALUES (1,NULL,'Array','0000-00-00 00:00:00','0000-00-00 00:00:00',NULL),(2,NULL,'Array','0000-00-00 00:00:00','0000-00-00 00:00:00',NULL),(3,NULL,'','2015-03-05 22:33:07','2015-03-05 22:33:07',NULL),(4,NULL,'','2015-03-05 22:35:17','2015-03-05 22:35:17',NULL),(5,7,'','2015-03-05 22:43:51','2015-03-05 22:43:51',NULL),(6,8,'','2015-03-05 22:45:28','2015-03-05 22:45:28',NULL),(7,9,'','2015-03-05 22:46:02','2015-03-05 22:46:02',NULL),(8,10,'','2015-03-05 22:46:27','2015-03-05 22:46:27',NULL),(9,11,'','2015-03-05 22:47:26','2015-03-05 22:47:26',NULL),(10,12,'','2015-03-05 22:47:46','2015-03-05 22:47:46',NULL),(11,13,'','2015-03-05 22:48:26','2015-03-05 22:48:26',NULL),(12,14,'','2015-03-05 22:50:38','2015-03-05 22:50:38',NULL),(13,15,'','2015-03-05 22:50:40','2015-03-05 22:50:40',NULL),(14,16,'','2015-03-05 22:51:04','2015-03-05 22:51:04',NULL),(15,17,'','2015-03-05 22:51:09','2015-03-05 22:51:09',NULL),(16,18,'','2015-03-05 22:51:22','2015-03-05 22:51:22',NULL),(17,19,'','2015-03-05 22:52:04','2015-03-05 22:52:04',NULL),(18,20,'','2015-03-05 22:54:12','2015-03-05 22:54:12',NULL),(19,21,'','2015-03-05 22:55:21','2015-03-05 22:55:21',NULL),(20,22,'','2015-03-05 22:55:59','2015-03-05 22:55:59',NULL),(21,23,'','2015-03-05 22:56:36','2015-03-05 22:56:36',NULL),(22,24,'','2015-03-05 22:57:25','2015-03-05 22:57:25',NULL),(23,25,'','2015-03-05 22:57:26','2015-03-05 22:57:26',NULL),(24,26,'','2015-03-05 22:57:27','2015-03-05 22:57:27',NULL),(25,27,'Azul','2015-03-05 22:57:39','2015-03-05 22:57:39',NULL),(26,28,'Azul','2015-03-05 22:58:06','2015-03-05 22:58:06',NULL),(27,29,'Azul','2015-03-05 22:58:07','2015-03-05 22:58:07',NULL),(28,30,'Azul','2015-03-05 22:58:07','2015-03-05 22:58:07',NULL),(29,31,'Azul','2015-03-05 22:58:08','2015-03-05 22:58:08',NULL),(30,32,'Azul','2015-03-05 22:58:08','2015-03-05 22:58:08',NULL),(31,33,'Azul','2015-03-05 22:58:08','2015-03-05 22:58:08',NULL),(32,34,'Azul','2015-03-05 22:58:08','2015-03-05 22:58:08',NULL),(33,35,'','2015-03-05 22:58:13','2015-03-05 22:58:13',NULL),(34,36,'Azul','2015-03-05 22:59:14','2015-03-05 22:59:14',NULL),(35,37,'Residencial','2015-03-05 23:00:09','2015-03-05 23:00:09',NULL),(36,38,'Residencial','2015-03-05 23:02:58','2015-03-05 23:02:58',NULL),(37,39,'Residencial','2015-03-05 23:03:11','2015-03-05 23:03:11',NULL),(38,40,'Residencial','2015-03-05 23:03:16','2015-03-05 23:03:16',NULL),(39,41,'Residencial','2015-03-05 23:03:33','2015-03-05 23:03:33',NULL),(40,42,'Residencial','2015-03-05 23:04:01','2015-03-05 23:04:01',NULL),(41,43,'Residencial','2015-03-05 23:04:06','2015-03-05 23:04:06',NULL),(42,44,'Residencial','2015-03-05 23:04:28','2015-03-05 23:04:28',NULL),(43,47,'Residencial','2015-03-05 23:09:42','2015-03-05 23:09:42',NULL),(44,48,'Residencial','2015-03-05 23:10:24','2015-03-05 23:10:24',NULL),(45,49,'Residencial','2015-03-05 23:14:15','2015-03-05 23:14:15',NULL),(46,50,'Residencial','2015-03-05 23:15:37','2015-03-05 23:15:37',NULL),(49,52,'Residencial','2015-03-05 23:31:25','2015-03-05 23:31:25',NULL),(50,52,'Comercial','0000-00-00 00:00:00','0000-00-00 00:00:00',NULL),(51,53,'Residencial','2015-03-05 23:34:28','2015-03-05 23:34:28',NULL),(52,53,'Comercial','0000-00-00 00:00:00','0000-00-00 00:00:00',NULL),(53,54,'Residencial','2015-03-06 11:19:51','2015-03-06 11:19:51',NULL),(54,54,'Comercial','0000-00-00 00:00:00','0000-00-00 00:00:00',NULL),(55,55,'Residencial','2015-03-06 11:37:19','2015-03-06 11:37:19',NULL),(56,55,'Comercial','0000-00-00 00:00:00','0000-00-00 00:00:00',NULL),(57,56,'Residencial','2015-03-06 13:07:53','2015-03-06 13:07:53',NULL),(58,56,'Comercial','0000-00-00 00:00:00','0000-00-00 00:00:00',NULL),(59,57,'Residencial','2015-03-06 13:08:35','2015-03-06 13:08:35',NULL),(60,57,'Comercial','0000-00-00 00:00:00','0000-00-00 00:00:00',NULL),(61,58,'Comercial','2015-03-06 13:09:20','2015-03-06 16:24:11',NULL),(63,59,'Veraneio','2015-03-06 13:09:21','2015-03-06 18:43:16',NULL),(65,60,'Residencial','2015-03-06 13:09:22','2015-03-06 13:09:22',NULL),(66,60,'Comercial','0000-00-00 00:00:00','0000-00-00 00:00:00',NULL),(70,63,'Residencial','2015-03-06 13:17:42','2015-03-06 13:17:42',NULL),(71,65,'Residencial','2015-03-06 13:32:11','2015-03-06 13:32:11',NULL),(72,66,'Veraneio','2015-03-06 13:33:57','2015-03-06 13:33:57',NULL),(73,59,'Comercial','0000-00-00 00:00:00','0000-00-00 00:00:00',NULL),(74,67,'Residencial','2015-03-06 16:10:23','2015-03-06 16:10:23',NULL),(75,67,'Comercial','0000-00-00 00:00:00','0000-00-00 00:00:00',NULL),(76,58,'Veraneio','0000-00-00 00:00:00','0000-00-00 00:00:00',NULL),(77,58,'Veraneio','0000-00-00 00:00:00','0000-00-00 00:00:00',NULL);
/*!40000 ALTER TABLE `run_form1_enderecos_tipos` ENABLE KEYS */;
UNLOCK TABLES;

--
-- Table structure for table `run_form1_ufs`
--

DROP TABLE IF EXISTS `run_form1_ufs`;
/*!40101 SET @saved_cs_client     = @@character_set_client */;
/*!40101 SET character_set_client = utf8 */;
CREATE TABLE `run_form1_ufs` (
  `pk_uf` int(11) NOT NULL AUTO_INCREMENT,
  `nome` varchar(45) DEFAULT NULL,
  `uf` varchar(2) DEFAULT NULL,
  PRIMARY KEY (`pk_uf`)
) ENGINE=InnoDB AUTO_INCREMENT=5 DEFAULT CHARSET=latin1;
/*!40101 SET character_set_client = @saved_cs_client */;

--
-- Dumping data for table `run_form1_ufs`
--

LOCK TABLES `run_form1_ufs` WRITE;
/*!40000 ALTER TABLE `run_form1_ufs` DISABLE KEYS */;
INSERT INTO `run_form1_ufs` VALUES (1,'São Paulo','SP'),(2,'Rio de Janeiro','RJ'),(3,'Minas Gerais','MG'),(4,'Espirito Santo','ES');
/*!40000 ALTER TABLE `run_form1_ufs` ENABLE KEYS */;
UNLOCK TABLES;

--
-- Dumping events for database 'run'
--

--
-- Dumping routines for database 'run'
--
/*!40103 SET TIME_ZONE=@OLD_TIME_ZONE */;

/*!40101 SET SQL_MODE=@OLD_SQL_MODE */;
/*!40014 SET FOREIGN_KEY_CHECKS=@OLD_FOREIGN_KEY_CHECKS */;
/*!40014 SET UNIQUE_CHECKS=@OLD_UNIQUE_CHECKS */;
/*!40101 SET CHARACTER_SET_CLIENT=@OLD_CHARACTER_SET_CLIENT */;
/*!40101 SET CHARACTER_SET_RESULTS=@OLD_CHARACTER_SET_RESULTS */;
/*!40101 SET COLLATION_CONNECTION=@OLD_COLLATION_CONNECTION */;
/*!40111 SET SQL_NOTES=@OLD_SQL_NOTES */;

-- Dump completed on 2015-03-07 12:13:48
